Date,Time,Open,High,Low,Close,Vol
12/28/2011,16:00,12.37,12.37,10.60,10.60,55900.0
12/29/2011,16:00,10.60,10.60,9.06,9.96,735200.0
12/30/2011,16:00,10.25,11.49,10.03,11.26,351700.0
01/03/2012,16:00,11.05,11.05,10.26,10.78,89100.0
01/04/2012,16:00,10.87,11.49,10.87,11.34,10900.0
01/05/2012,16:00,11.28,11.28,11.04,11.05,9800.0
01/06/2012,16:00,10.87,10.87,10.52,10.52,13300.0
01/09/2012,16:00,10.29,10.60,10.26,10.28,41400.0
01/10/2012,16:00,10.44,10.69,10.21,10.21,90900.0
01/11/2012,16:00,10.16,10.25,10.07,10.17,99600.0
01/12/2012,16:00,10.16,10.38,9.97,9.98,347900.0
01/13/2012,16:00,9.75,10.43,9.10,9.45,1853500.0
01/17/2012,16:00,9.94,10.38,9.54,9.61,2758300.0
01/18/2012,16:00,9.76,9.94,9.55,9.64,1030700.0
01/19/2012,16:00,9.72,9.81,9.66,9.75,601700.0
01/20/2012,16:00,9.70,9.72,9.39,9.52,629600.0
01/23/2012,16:00,9.50,9.67,9.47,9.61,468000.0
01/24/2012,16:00,9.54,9.77,9.54,9.70,1603600.0
01/25/2012,16:00,9.65,9.91,9.51,9.88,1123700.0
01/26/2012,16:00,9.83,9.91,9.70,9.70,471600.0
01/27/2012,16:00,9.70,9.81,9.70,9.73,363600.0
01/30/2012,16:00,9.73,10.64,9.73,10.57,731200.0
01/31/2012,16:00,10.58,11.07,10.55,10.92,1135100.0
02/01/2012,16:00,10.91,11.05,10.71,10.92,633800.0
02/02/2012,16:00,10.96,11.57,10.84,11.52,2794700.0
02/03/2012,16:00,11.31,12.43,11.29,12.20,2125600.0
02/06/2012,16:00,12.21,12.58,12.11,12.48,933500.0
02/07/2012,16:00,12.47,12.50,12.24,12.35,836300.0
02/08/2012,16:00,12.46,12.58,12.28,12.42,406800.0
02/09/2012,16:00,12.37,12.42,12.33,12.38,637500.0
02/10/2012,16:00,12.33,12.41,12.05,12.41,305300.0
02/13/2012,16:00,12.38,12.64,12.37,12.60,231000.0
02/14/2012,16:00,12.57,12.65,12.51,12.64,207700.0
02/15/2012,16:00,12.81,13.02,12.72,12.86,289600.0
02/16/2012,16:00,12.74,12.92,12.73,12.90,260800.0
02/17/2012,16:00,12.88,13.01,12.82,12.95,287900.0
02/21/2012,16:00,12.81,12.96,12.71,12.82,368100.0
02/22/2012,16:00,12.81,13.26,12.81,13.09,770300.0
02/23/2012,16:00,13.13,13.26,13.03,13.09,549400.0
02/24/2012,16:00,13.10,13.24,12.96,13.09,227000.0
02/27/2012,16:00,13.05,13.13,12.99,13.03,160400.0
02/28/2012,16:00,13.01,13.06,12.81,12.85,705100.0
02/29/2012,16:00,12.85,13.03,12.85,12.93,320000.0
03/01/2012,16:00,12.92,13.07,12.81,12.99,342100.0
03/02/2012,16:00,12.94,13.03,12.93,12.99,230900.0
03/05/2012,16:00,12.96,13.03,12.94,13.03,122800.0
03/06/2012,16:00,12.96,13.02,12.88,12.99,337000.0
03/07/2012,16:00,13.04,13.07,12.87,13.06,117300.0
03/08/2012,16:00,13.03,13.17,13.02,13.02,86300.0
03/09/2012,16:00,12.98,13.05,12.88,13.01,601400.0
03/12/2012,16:00,13.03,13.03,12.72,12.93,106600.0
03/13/2012,16:00,12.96,12.99,12.82,12.97,123600.0
03/14/2012,16:00,12.97,12.99,12.61,12.65,111200.0
03/15/2012,16:00,12.65,12.73,12.56,12.71,222500.0
03/16/2012,16:00,12.74,12.80,12.58,12.73,470900.0
03/19/2012,16:00,12.68,12.79,12.63,12.73,77400.0
03/20/2012,16:00,12.96,12.96,12.64,12.73,119200.0
03/21/2012,16:00,12.77,12.77,12.42,12.55,180800.0
03/22/2012,16:00,12.50,12.64,12.46,12.53,236400.0
03/23/2012,16:00,12.52,12.58,12.14,12.47,704500.0
03/26/2012,16:00,12.49,12.64,12.40,12.54,229800.0
03/27/2012,16:00,12.56,12.57,12.29,12.46,107400.0
03/28/2012,16:00,12.43,12.43,12.09,12.15,114200.0
03/29/2012,16:00,12.12,12.12,11.80,11.98,191400.0
03/30/2012,16:00,11.98,12.04,11.91,11.97,169900.0
04/02/2012,16:00,12.02,12.13,12.02,12.13,213600.0
04/03/2012,16:00,12.12,12.16,11.99,12.12,168300.0
04/04/2012,16:00,12.02,12.02,11.79,11.96,163700.0
04/05/2012,16:00,11.92,12.12,11.89,12.07,127300.0
04/09/2012,16:00,11.97,12.06,11.84,11.98,154600.0
04/10/2012,16:00,11.97,11.99,11.68,11.72,321100.0
04/11/2012,16:00,11.81,11.93,11.54,11.83,460100.0
04/12/2012,16:00,11.81,11.93,11.70,11.89,213600.0
04/13/2012,16:00,11.84,12.12,11.78,12.11,283700.0
04/16/2012,16:00,12.17,12.35,12.12,12.25,218800.0
04/17/2012,16:00,12.33,12.36,12.12,12.26,368300.0
04/18/2012,16:00,12.19,12.34,12.19,12.21,244600.0
04/19/2012,16:00,12.25,12.26,12.00,12.04,96600.0
04/20/2012,16:00,12.08,12.08,11.69,11.83,242200.0
04/23/2012,16:00,11.68,11.81,11.50,11.79,165000.0
04/24/2012,16:00,11.79,12.29,11.79,12.11,149700.0
04/25/2012,16:00,12.20,12.30,12.06,12.22,247800.0
04/26/2012,16:00,12.22,12.22,11.75,11.76,202100.0
04/27/2012,16:00,11.82,12.19,11.71,11.76,125000.0
04/30/2012,16:00,11.76,11.88,11.56,11.88,132000.0
05/01/2012,16:00,11.85,12.19,11.83,11.89,250100.0
05/02/2012,16:00,11.88,11.88,11.65,11.70,64000.0
05/03/2012,16:00,11.68,11.98,11.68,11.93,113000.0
05/04/2012,16:00,11.92,12.00,11.78,11.83,132500.0
05/07/2012,16:00,11.81,11.97,11.69,11.95,43000.0
05/08/2012,16:00,11.89,12.04,11.75,11.92,150100.0
05/09/2012,16:00,11.81,12.05,11.75,12.00,298000.0
05/10/2012,16:00,12.09,12.20,12.00,12.12,207000.0
05/11/2012,16:00,12.01,12.17,11.95,11.99,290000.0
05/14/2012,16:00,11.89,12.01,11.78,11.93,145400.0
05/15/2012,16:00,11.97,12.00,11.65,11.81,102000.0
05/16/2012,16:00,11.83,11.83,11.57,11.62,216700.0
05/17/2012,16:00,11.59,11.66,11.13,11.13,221600.0
05/18/2012,16:00,11.25,11.26,10.75,10.80,151400.0
05/21/2012,16:00,10.87,11.10,10.77,11.04,110900.0
05/22/2012,16:00,11.02,11.25,10.95,11.16,106900.0
05/23/2012,16:00,11.13,11.38,10.81,11.36,163000.0
05/24/2012,16:00,11.34,11.59,11.22,11.53,264500.0
05/25/2012,16:00,11.54,11.59,11.33,11.57,83900.0
05/29/2012,16:00,11.56,11.59,11.23,11.44,325300.0
05/30/2012,16:00,11.34,11.47,11.05,11.10,264700.0
05/31/2012,16:00,11.08,11.39,11.05,11.30,178900.0
06/01/2012,16:00,11.18,11.30,10.82,10.82,393700.0
06/04/2012,16:00,10.83,11.05,10.42,10.76,253300.0
06/05/2012,16:00,10.75,10.99,10.59,10.86,34800.0
06/06/2012,16:00,10.94,11.45,10.94,11.13,409300.0
06/07/2012,16:00,11.28,11.39,11.05,11.05,215800.0
06/08/2012,16:00,11.05,11.50,11.05,11.31,225600.0
06/11/2012,16:00,11.43,11.53,10.93,11.04,305300.0
06/12/2012,16:00,11.11,11.15,10.90,11.12,160600.0
06/13/2012,16:00,11.08,11.45,10.98,11.30,270300.0
06/14/2012,16:00,11.28,11.59,11.26,11.55,191600.0
06/15/2012,16:00,11.56,11.80,11.48,11.72,481700.0
06/18/2012,16:00,11.66,12.12,11.62,12.04,255200.0
06/19/2012,16:00,12.16,12.16,11.97,12.04,218100.0
06/20/2012,16:00,12.02,12.12,11.91,12.00,237200.0
06/21/2012,16:00,12.04,12.13,11.84,11.87,499000.0
06/22/2012,16:00,11.90,12.20,11.84,11.97,2904600.0
06/25/2012,16:00,11.87,11.90,11.51,11.65,390900.0
06/26/2012,16:00,11.68,11.80,11.48,11.66,157800.0
06/27/2012,16:00,11.69,11.96,11.36,11.51,203400.0
06/28/2012,16:00,11.47,11.75,11.28,11.57,201600.0
06/29/2012,16:00,11.75,12.02,11.54,11.97,710300.0
07/02/2012,16:00,11.97,12.18,11.85,12.06,186200.0
07/03/2012,16:00,12.10,12.10,11.81,12.07,175100.0
07/05/2012,16:00,12.02,12.14,11.95,12.04,255600.0
07/06/2012,16:00,11.98,12.02,11.87,11.98,200800.0
07/09/2012,16:00,11.98,12.09,11.94,12.04,228000.0
07/10/2012,16:00,12.15,12.18,11.99,12.01,278800.0
07/11/2012,16:00,12.12,12.13,11.90,12.00,144100.0
07/12/2012,16:00,11.96,12.06,11.66,12.04,307900.0
07/13/2012,16:00,12.05,12.20,12.04,12.17,164900.0
07/16/2012,16:00,12.14,12.29,12.12,12.24,110400.0
07/17/2012,16:00,12.28,12.47,12.26,12.44,293100.0
07/18/2012,16:00,12.39,12.46,12.29,12.40,225200.0
07/19/2012,16:00,12.41,12.41,12.20,12.29,166300.0
07/20/2012,16:00,12.26,12.30,12.20,12.29,142100.0
07/23/2012,16:00,12.12,12.18,12.04,12.17,120600.0
07/24/2012,16:00,12.17,12.22,11.90,12.17,365200.0
07/25/2012,16:00,12.20,12.24,11.90,12.04,140100.0
07/26/2012,16:00,12.16,12.16,11.95,12.04,55100.0
07/27/2012,16:00,12.04,12.28,11.98,12.20,313900.0
07/30/2012,16:00,12.17,12.36,12.17,12.31,139100.0
07/31/2012,16:00,12.33,12.33,12.22,12.29,238300.0
08/01/2012,16:00,12.33,12.41,12.05,12.05,127400.0
08/02/2012,16:00,12.02,12.18,11.97,12.14,75400.0
08/03/2012,16:00,12.23,12.28,12.12,12.20,284100.0
08/06/2012,16:00,12.20,12.41,12.16,12.32,128100.0
08/07/2012,16:00,12.34,12.44,12.22,12.32,175400.0
08/08/2012,16:00,12.23,12.35,12.19,12.30,73100.0
08/09/2012,16:00,12.28,12.34,12.14,12.16,237600.0
08/10/2012,16:00,12.18,12.26,12.17,12.21,52100.0
08/13/2012,16:00,12.15,12.25,11.95,12.12,77000.0
08/14/2012,16:00,13.36,13.36,11.99,12.02,79200.0
08/15/2012,16:00,12.06,12.16,12.01,12.07,74600.0
08/16/2012,16:00,12.08,12.44,12.02,12.17,147400.0
08/17/2012,16:00,12.10,12.26,12.10,12.23,93600.0
08/20/2012,16:00,12.17,12.24,12.10,12.15,76200.0
08/21/2012,16:00,12.18,12.32,12.13,12.18,69000.0
08/22/2012,16:00,12.14,12.21,12.11,12.14,43600.0
08/23/2012,16:00,12.12,12.20,12.04,12.15,254800.0
08/24/2012,16:00,12.13,12.21,12.12,12.17,139200.0
08/27/2012,16:00,12.17,12.29,12.13,12.24,288000.0
08/28/2012,16:00,12.21,12.44,12.14,12.20,199300.0
08/29/2012,16:00,12.21,12.30,12.16,12.20,366800.0
08/30/2012,16:00,12.18,12.28,12.08,12.21,407700.0
08/31/2012,16:00,12.27,12.41,12.25,12.35,212500.0
09/04/2012,16:00,12.36,12.65,12.31,12.55,237400.0
09/05/2012,16:00,12.51,12.70,12.44,12.57,168500.0
09/06/2012,16:00,12.54,12.77,12.46,12.76,110800.0
09/07/2012,16:00,12.69,12.82,12.69,12.76,234600.0
09/10/2012,16:00,12.78,12.82,12.46,12.50,139500.0
09/11/2012,16:00,12.44,12.59,12.41,12.59,88600.0
09/12/2012,16:00,12.51,12.57,12.45,12.54,65600.0
09/13/2012,16:00,12.44,12.92,12.36,12.72,109300.0
09/14/2012,16:00,12.66,13.00,12.66,12.93,84300.0
09/17/2012,16:00,12.73,12.92,12.64,12.87,211900.0
09/18/2012,16:00,12.70,12.92,12.64,12.78,195200.0
09/19/2012,16:00,12.79,13.01,12.62,12.92,317200.0
09/20/2012,16:00,12.84,12.86,12.61,12.78,120200.0
09/21/2012,16:00,12.90,12.90,12.55,12.74,275100.0
09/24/2012,16:00,12.72,12.92,12.70,12.72,295500.0
09/25/2012,16:00,12.75,12.94,12.73,12.84,234000.0
09/26/2012,16:00,12.85,12.92,12.81,12.84,211100.0
09/27/2012,16:00,12.94,13.00,12.83,12.83,248100.0
09/28/2012,16:00,12.76,12.88,12.72,12.75,86800.0
10/01/2012,16:00,12.76,12.97,12.67,12.86,121200.0
10/02/2012,16:00,12.87,12.95,12.74,12.84,131500.0
10/03/2012,16:00,12.87,12.88,12.73,12.79,118900.0
10/04/2012,16:00,12.84,13.04,12.79,12.92,150200.0
10/05/2012,16:00,12.88,12.99,12.84,12.92,99100.0
10/08/2012,16:00,12.88,12.99,12.78,12.95,54400.0
10/09/2012,16:00,12.94,13.00,12.75,12.79,116300.0
10/10/2012,16:00,12.78,12.81,12.75,12.79,146500.0
10/11/2012,16:00,12.85,12.94,12.76,12.92,254000.0
10/12/2012,16:00,12.92,13.15,12.91,13.12,121700.0
10/15/2012,16:00,13.09,13.47,13.08,13.29,277600.0
10/16/2012,16:00,13.37,13.51,13.31,13.46,232600.0
10/17/2012,16:00,13.44,13.70,13.39,13.63,119200.0
10/18/2012,16:00,13.66,13.88,13.62,13.72,107500.0
10/19/2012,16:00,13.67,13.71,13.58,13.64,179300.0
10/22/2012,16:00,13.67,13.67,13.38,13.52,122800.0
10/23/2012,16:00,13.44,13.59,13.34,13.51,123000.0
10/24/2012,16:00,13.55,13.55,13.37,13.44,85400.0
10/25/2012,16:00,13.52,13.56,13.34,13.45,134800.0
10/26/2012,16:00,13.46,13.50,13.31,13.32,69700.0
10/31/2012,16:00,13.36,13.60,13.17,13.44,131700.0
11/01/2012,16:00,13.42,13.56,13.38,13.53,174100.0
11/02/2012,16:00,13.53,13.59,13.41,13.51,152900.0
11/05/2012,16:00,13.51,13.62,13.28,13.52,156800.0
11/06/2012,16:00,13.53,13.67,13.40,13.56,119900.0
11/07/2012,16:00,13.43,13.49,13.28,13.40,143300.0
11/08/2012,16:00,13.42,13.51,13.35,13.37,235100.0
11/09/2012,16:00,13.34,13.57,13.18,13.47,191800.0
11/12/2012,16:00,13.45,13.59,13.25,13.32,67900.0
11/13/2012,16:00,13.29,13.29,13.07,13.25,83000.0
11/14/2012,16:00,13.31,13.37,12.94,12.98,201700.0
11/15/2012,16:00,12.96,12.99,12.76,12.89,164200.0
11/16/2012,16:00,12.87,12.88,12.60,12.78,139600.0
11/19/2012,16:00,12.87,13.05,12.83,13.03,84700.0
11/20/2012,16:00,13.00,13.08,12.92,13.05,52300.0
11/21/2012,16:00,13.05,13.09,12.83,12.95,95000.0
11/23/2012,16:00,13.01,13.17,12.98,13.12,83700.0
11/26/2012,16:00,13.05,13.23,13.04,13.13,75800.0
11/27/2012,16:00,13.14,13.34,13.09,13.22,129800.0
11/28/2012,16:00,13.21,13.25,12.99,13.18,159000.0
11/29/2012,16:00,13.29,13.35,13.08,13.11,104600.0
11/30/2012,16:00,13.17,13.81,13.10,13.39,232200.0
12/03/2012,16:00,13.45,13.46,13.26,13.40,72900.0
12/04/2012,16:00,13.37,13.53,13.29,13.52,59900.0
12/05/2012,16:00,13.59,13.66,13.46,13.56,123400.0
12/06/2012,16:00,13.58,13.79,13.51,13.76,139000.0
12/07/2012,16:00,13.83,13.83,13.66,13.74,115000.0
12/10/2012,16:00,13.76,13.81,13.67,13.81,108000.0
12/11/2012,16:00,13.86,13.87,13.74,13.81,107400.0
12/12/2012,16:00,13.87,14.02,13.75,13.81,190400.0
12/13/2012,16:00,13.83,14.04,13.77,13.98,178200.0
12/14/2012,16:00,13.98,14.10,13.92,14.05,134900.0
12/17/2012,16:00,14.06,14.46,14.06,14.38,298100.0
12/18/2012,16:00,14.37,14.58,14.30,14.41,136400.0
12/19/2012,16:00,14.37,14.59,14.37,14.40,201800.0
12/20/2012,16:00,14.40,14.78,14.40,14.76,237100.0
12/21/2012,16:00,14.68,14.88,14.39,14.82,319500.0
12/24/2012,16:00,14.78,14.87,14.78,14.85,157800.0
12/26/2012,16:00,14.93,14.97,14.82,14.91,109200.0
12/27/2012,16:00,14.90,15.18,14.86,15.17,157500.0
12/28/2012,16:00,15.17,15.20,15.01,15.11,258700.0
12/31/2012,16:00,15.14,15.33,15.00,15.10,191400.0
01/02/2013,16:00,15.32,15.54,15.17,15.51,279500.0
01/03/2013,16:00,15.51,15.82,15.49,15.72,238700.0
01/04/2013,16:00,15.82,15.87,15.67,15.67,176000.0
01/07/2013,16:00,15.61,15.90,15.49,15.88,192100.0
01/08/2013,16:00,15.79,15.89,15.61,15.88,175600.0
01/09/2013,16:00,15.91,16.09,15.77,15.97,118800.0
01/10/2013,16:00,16.06,16.10,15.81,16.09,97300.0
01/11/2013,16:00,16.12,16.24,15.92,16.22,161200.0
01/14/2013,16:00,16.16,16.16,15.88,16.00,45800.0
01/15/2013,16:00,15.92,16.29,15.91,16.28,180400.0
01/16/2013,16:00,16.19,16.21,15.95,15.99,138300.0
01/17/2013,16:00,16.00,16.35,15.98,16.27,332700.0
01/18/2013,16:00,16.27,16.29,16.15,16.22,109000.0
01/22/2013,16:00,16.18,16.50,16.18,16.50,98600.0
01/23/2013,16:00,16.46,16.70,16.34,16.42,154700.0
01/24/2013,16:00,16.44,16.66,16.00,16.32,237500.0
01/25/2013,16:00,16.33,16.53,16.18,16.53,197900.0
01/28/2013,16:00,16.52,16.64,16.40,16.55,215300.0
01/29/2013,16:00,16.54,16.83,16.54,16.60,247700.0
01/30/2013,16:00,16.56,16.68,16.34,16.42,188500.0
01/31/2013,16:00,16.35,16.56,16.18,16.36,174300.0
02/01/2013,16:00,16.37,16.59,16.24,16.48,248100.0
02/04/2013,16:00,16.45,16.53,16.40,16.46,178200.0
02/05/2013,16:00,16.48,16.58,16.28,16.32,336900.0
02/06/2013,16:00,16.21,16.39,15.78,16.03,565700.0
02/07/2013,16:00,16.04,16.14,15.82,16.01,306800.0
02/08/2013,16:00,15.91,16.08,15.80,15.91,323600.0
02/11/2013,16:00,15.89,16.00,15.80,15.83,119400.0
02/12/2013,16:00,15.88,16.14,15.84,15.95,217600.0
02/13/2013,16:00,15.99,16.09,15.67,15.83,121200.0
02/14/2013,16:00,15.76,15.76,15.64,15.66,104500.0
02/15/2013,16:00,15.72,15.72,15.48,15.52,227200.0
02/19/2013,16:00,15.49,15.63,15.39,15.48,253900.0
02/20/2013,16:00,15.44,15.46,15.06,15.09,203700.0
02/21/2013,16:00,15.10,15.27,14.71,14.85,92200.0
02/22/2013,16:00,14.94,15.10,14.89,15.03,104900.0
02/25/2013,16:00,15.05,15.05,14.62,14.64,125100.0
02/26/2013,16:00,14.64,14.71,14.23,14.68,223600.0
02/27/2013,16:00,14.64,14.86,14.61,14.77,183900.0
02/28/2013,16:00,14.77,15.00,14.73,14.88,238000.0
03/01/2013,16:00,14.79,14.83,14.77,14.79,263400.0
03/04/2013,16:00,14.74,14.80,14.64,14.66,136300.0
03/05/2013,16:00,14.70,14.80,14.60,14.68,159800.0
03/06/2013,16:00,14.70,14.70,14.44,14.52,103400.0
03/07/2013,16:00,14.51,14.87,14.41,14.78,298700.0
03/08/2013,16:00,14.88,15.70,14.86,15.33,469200.0
03/11/2013,16:00,15.30,15.61,15.14,15.23,457900.0
03/12/2013,16:00,15.25,15.32,15.13,15.14,173400.0
03/13/2013,16:00,15.12,15.15,14.90,14.98,216400.0
03/14/2013,16:00,14.99,15.02,14.63,14.74,345400.0
03/15/2013,16:00,14.77,15.03,14.57,14.98,792300.0
03/18/2013,16:00,14.86,15.31,14.86,15.23,235600.0
03/19/2013,16:00,15.23,15.23,15.03,15.19,139400.0
03/20/2013,16:00,15.23,15.30,15.11,15.19,185000.0
03/21/2013,16:00,15.10,15.19,14.93,14.98,170300.0
03/22/2013,16:00,14.98,15.53,14.83,15.42,395400.0
03/25/2013,16:00,15.49,15.99,15.43,15.98,386800.0
03/26/2013,16:00,16.00,16.18,15.96,16.05,238500.0
03/27/2013,16:00,15.96,16.30,15.96,16.13,127800.0
03/28/2013,16:00,16.15,16.30,16.02,16.22,118700.0
04/01/2013,16:00,16.26,16.44,16.02,16.11,279800.0
04/02/2013,16:00,16.13,16.26,16.09,16.13,157100.0
04/03/2013,16:00,16.12,16.21,16.06,16.12,179800.0
04/04/2013,16:00,16.10,16.73,16.05,16.65,416000.0
04/05/2013,16:00,16.40,16.87,16.27,16.81,310500.0
04/08/2013,16:00,16.80,17.05,16.68,17.03,246400.0
04/09/2013,16:00,17.10,17.27,17.02,17.13,291700.0
04/10/2013,16:00,17.13,17.22,16.53,16.67,404600.0
04/11/2013,16:00,16.60,16.95,16.60,16.89,33600.0
04/12/2013,16:00,16.87,16.89,16.36,16.42,126600.0
04/15/2013,16:00,16.36,16.36,16.13,16.18,146500.0
04/16/2013,16:00,16.22,16.45,16.14,16.25,157700.0
04/17/2013,16:00,16.21,16.34,15.93,16.00,140700.0
04/18/2013,16:00,16.00,16.30,15.82,16.28,147100.0
04/19/2013,16:00,16.33,16.50,16.22,16.39,63700.0
04/22/2013,16:00,16.38,16.52,16.21,16.48,49600.0
04/23/2013,16:00,16.55,16.69,16.39,16.57,58100.0
04/24/2013,16:00,16.55,16.72,16.53,16.62,38400.0
04/25/2013,16:00,16.61,16.75,16.48,16.55,123000.0
04/26/2013,16:00,16.53,16.75,16.48,16.65,110800.0
04/29/2013,16:00,16.69,16.83,16.60,16.70,68800.0
04/30/2013,16:00,16.69,17.10,16.59,17.10,119400.0
05/01/2013,16:00,17.04,17.35,17.00,17.06,200200.0
05/02/2013,16:00,17.06,17.44,17.00,17.33,148200.0
05/03/2013,16:00,17.35,17.60,17.24,17.55,141300.0
05/06/2013,16:00,17.46,18.38,17.46,18.25,164100.0
05/07/2013,16:00,18.35,18.53,18.18,18.47,70000.0
05/08/2013,16:00,18.39,18.70,18.39,18.70,120100.0
05/09/2013,16:00,18.73,18.87,18.59,18.63,97800.0
05/10/2013,16:00,18.63,19.17,18.58,18.93,72600.0
05/13/2013,16:00,18.87,19.00,18.72,18.78,71800.0
05/14/2013,16:00,18.74,18.88,18.61,18.62,394500.0
05/15/2013,16:00,18.60,18.60,18.24,18.30,134400.0
05/16/2013,16:00,18.22,18.78,18.15,18.76,203900.0
05/17/2013,16:00,18.76,19.42,18.66,19.38,272300.0
05/20/2013,16:00,19.38,19.82,19.28,19.72,120900.0
05/21/2013,16:00,19.71,20.05,19.71,20.01,146200.0
05/22/2013,16:00,20.02,20.36,19.27,19.47,179300.0
05/23/2013,16:00,19.31,19.31,18.84,18.97,173100.0
05/24/2013,16:00,18.85,19.02,18.53,18.90,121400.0
05/28/2013,16:00,19.06,19.15,18.50,18.73,119400.0
05/29/2013,16:00,18.59,18.59,17.86,18.16,68100.0
05/30/2013,16:00,18.15,18.44,18.00,18.26,141500.0
05/31/2013,16:00,18.15,18.36,18.00,18.15,579700.0
06/03/2013,16:00,18.19,18.49,18.05,18.38,319200.0
06/04/2013,16:00,18.44,18.50,18.23,18.32,161900.0
06/05/2013,16:00,18.25,18.30,17.64,17.82,156300.0
06/06/2013,16:00,17.78,18.34,17.58,18.33,112800.0
06/07/2013,16:00,18.36,18.46,18.07,18.41,125800.0
06/10/2013,16:00,18.42,18.70,18.24,18.38,79600.0
06/11/2013,16:00,18.18,18.28,17.88,17.97,131000.0
06/12/2013,16:00,17.91,18.20,17.16,17.18,255300.0
06/13/2013,16:00,17.24,17.75,17.16,17.41,283900.0
06/14/2013,16:00,17.43,17.65,17.34,17.59,330500.0
06/17/2013,16:00,17.62,17.76,17.48,17.68,182700.0
06/18/2013,16:00,17.73,18.17,17.63,18.00,139000.0
06/19/2013,16:00,18.07,18.07,17.73,17.84,185600.0
06/20/2013,16:00,17.61,17.61,16.66,16.76,163500.0
06/21/2013,16:00,16.84,16.94,16.24,16.38,230300.0
06/24/2013,16:00,16.21,16.62,15.74,16.46,165100.0
06/25/2013,16:00,16.56,16.90,16.43,16.84,128800.0
06/26/2013,16:00,16.96,17.21,16.63,17.15,96800.0
06/27/2013,16:00,17.24,17.54,17.15,17.52,109700.0
06/28/2013,16:00,17.44,17.83,17.24,17.71,180600.0
07/01/2013,16:00,17.71,17.81,17.49,17.78,94100.0
07/02/2013,16:00,17.75,17.98,17.69,17.88,193000.0
07/03/2013,16:00,17.87,17.87,17.68,17.71,59200.0
07/05/2013,16:00,17.79,17.92,17.60,17.83,109300.0
07/08/2013,16:00,17.92,18.11,17.73,18.06,81300.0
07/09/2013,16:00,18.08,18.34,17.95,18.29,135000.0
07/10/2013,16:00,18.26,18.55,18.10,18.52,54400.0
07/11/2013,16:00,18.73,18.97,18.65,18.94,76800.0
07/12/2013,16:00,18.91,19.07,18.71,18.94,78300.0
07/15/2013,16:00,18.92,18.99,18.75,18.90,86000.0
07/16/2013,16:00,18.87,19.09,18.71,18.74,90900.0
07/17/2013,16:00,18.80,18.97,18.61,18.69,78000.0
07/18/2013,16:00,18.78,18.88,18.34,18.66,125300.0
07/19/2013,16:00,18.61,19.09,18.52,18.99,133300.0
07/22/2013,16:00,19.01,19.20,18.91,19.05,141000.0
07/23/2013,16:00,19.02,19.10,18.75,19.08,45700.0
07/24/2013,16:00,19.07,19.35,18.76,18.86,99500.0
07/25/2013,16:00,18.90,19.11,18.71,18.80,71500.0
07/26/2013,16:00,18.71,18.82,18.58,18.67,108200.0
07/29/2013,16:00,18.69,18.72,18.54,18.61,150400.0
07/30/2013,16:00,18.74,18.95,18.56,18.72,58700.0
07/31/2013,16:00,18.76,18.76,18.17,18.48,147100.0
08/01/2013,16:00,18.60,18.71,18.29,18.52,97100.0
08/02/2013,16:00,18.49,18.63,18.26,18.44,95100.0
08/05/2013,16:00,18.44,18.51,18.32,18.41,71300.0
08/06/2013,16:00,18.43,19.46,18.36,19.04,161300.0
08/07/2013,16:00,18.99,19.02,18.77,18.80,179800.0
08/08/2013,16:00,18.88,19.16,18.88,19.14,57900.0
08/09/2013,16:00,19.14,19.38,18.96,19.10,78100.0
08/12/2013,16:00,19.05,19.31,18.97,19.13,85400.0
08/13/2013,16:00,19.11,19.31,19.02,19.31,78100.0
08/14/2013,16:00,19.31,19.42,18.81,18.81,37900.0
08/15/2013,16:00,18.74,18.89,18.20,18.29,145700.0
08/16/2013,16:00,18.22,18.37,17.52,17.54,83300.0
08/19/2013,16:00,17.58,17.67,17.05,17.11,75000.0
08/20/2013,16:00,17.19,17.57,16.91,17.36,159700.0
08/21/2013,16:00,17.24,17.61,17.14,17.40,68800.0
08/22/2013,16:00,17.25,17.82,17.23,17.55,54800.0
08/23/2013,16:00,17.55,17.97,17.55,17.91,97700.0
08/26/2013,16:00,17.89,17.96,17.60,17.67,68300.0
08/27/2013,16:00,17.46,17.62,17.35,17.39,83200.0
08/28/2013,16:00,17.43,17.43,17.18,17.23,89000.0
08/29/2013,16:00,17.16,17.48,16.96,17.12,199600.0
08/30/2013,16:00,17.10,17.23,16.80,16.83,78900.0
09/03/2013,16:00,16.99,17.02,16.79,16.95,75900.0
09/04/2013,16:00,16.91,17.21,16.91,17.08,109900.0
09/05/2013,16:00,17.09,17.10,16.73,16.76,69400.0
09/06/2013,16:00,16.93,17.33,16.61,17.08,65800.0
09/09/2013,16:00,17.20,17.42,17.05,17.34,161700.0
09/10/2013,16:00,17.34,17.47,16.89,16.97,148300.0
09/11/2013,16:00,16.93,17.03,16.75,16.83,142500.0
09/12/2013,16:00,16.85,16.86,16.53,16.57,147000.0
09/13/2013,16:00,16.64,16.81,16.57,16.68,46900.0
09/16/2013,16:00,16.79,17.06,16.79,17.02,130500.0
09/17/2013,16:00,16.98,17.26,16.93,17.26,54200.0
09/18/2013,16:00,17.29,18.81,17.29,18.55,254100.0
09/19/2013,16:00,18.54,18.82,18.27,18.38,70100.0
09/20/2013,16:00,18.48,18.50,17.51,17.73,307900.0
09/23/2013,16:00,17.66,18.01,17.50,17.88,98300.0
09/24/2013,16:00,17.93,17.99,17.75,17.87,201900.0
09/25/2013,16:00,17.87,18.12,17.87,18.08,137900.0
09/26/2013,16:00,18.07,18.34,18.01,18.33,114800.0
09/27/2013,16:00,18.20,18.62,18.20,18.62,108800.0
09/30/2013,16:00,18.42,18.74,18.41,18.69,147800.0
10/01/2013,16:00,18.71,19.22,18.61,18.86,128300.0
10/02/2013,16:00,18.80,18.98,18.68,18.73,87100.0
10/03/2013,16:00,18.73,18.73,18.14,18.20,297200.0
10/04/2013,16:00,18.15,18.46,18.07,18.30,129100.0
10/07/2013,16:00,18.18,18.33,18.12,18.18,87200.0
10/08/2013,16:00,18.12,18.28,18.02,18.11,85700.0
10/09/2013,16:00,18.12,18.26,17.37,17.50,239600.0
10/10/2013,16:00,17.66,17.82,17.49,17.82,206900.0
10/11/2013,16:00,17.71,17.82,17.50,17.71,236300.0
10/14/2013,16:00,17.52,17.71,17.50,17.59,199900.0
10/15/2013,16:00,17.60,17.93,17.46,17.82,133400.0
10/16/2013,16:00,17.94,18.03,17.78,17.91,134100.0
10/17/2013,16:00,17.86,18.36,17.82,18.36,145400.0
10/18/2013,16:00,18.53,18.76,18.41,18.75,104600.0
10/21/2013,16:00,18.69,18.83,18.47,18.71,135000.0
10/22/2013,16:00,18.73,19.41,18.55,19.25,136500.0
10/23/2013,16:00,19.20,19.41,18.93,19.03,110900.0
10/24/2013,16:00,19.03,19.53,18.91,19.45,95900.0
10/25/2013,16:00,19.54,19.54,19.22,19.34,77900.0
10/28/2013,16:00,19.33,19.33,18.93,19.03,78500.0
10/29/2013,16:00,19.04,19.15,18.78,18.88,67700.0
10/30/2013,16:00,19.02,19.02,18.51,18.70,112200.0
10/31/2013,16:00,18.76,18.88,18.37,18.48,183700.0
11/01/2013,16:00,18.41,18.63,18.25,18.31,150200.0
11/04/2013,16:00,18.31,18.34,18.00,18.30,141400.0
11/05/2013,16:00,18.73,18.83,18.24,18.42,139600.0
11/06/2013,16:00,18.61,18.68,18.10,18.30,134600.0
11/07/2013,16:00,18.33,18.33,17.92,18.03,121100.0
11/08/2013,16:00,17.95,18.14,17.57,18.05,259200.0
11/11/2013,16:00,18.07,18.57,18.05,18.39,213200.0
11/12/2013,16:00,18.38,18.67,17.98,18.62,249800.0
11/13/2013,16:00,18.62,18.81,18.42,18.71,133900.0
11/14/2013,16:00,18.82,19.25,18.82,19.21,255000.0
11/15/2013,16:00,19.31,19.87,19.19,19.80,211300.0
11/18/2013,16:00,19.87,20.25,19.70,20.14,145800.0
11/19/2013,16:00,20.19,20.45,20.05,20.41,239400.0
11/20/2013,16:00,20.46,20.72,20.17,20.31,110800.0
11/21/2013,16:00,20.40,20.85,20.40,20.85,101300.0
11/22/2013,16:00,20.92,21.20,20.55,21.13,150800.0
11/25/2013,16:00,21.24,21.63,21.08,21.13,99200.0
11/26/2013,16:00,21.12,21.73,21.08,21.43,122300.0
11/27/2013,16:00,21.48,22.31,21.48,22.28,131400.0
11/29/2013,16:00,22.43,22.64,22.26,22.30,51600.0
12/02/2013,16:00,22.24,22.37,21.78,21.94,127400.0
12/03/2013,16:00,21.84,22.04,21.77,21.84,131700.0
12/04/2013,16:00,21.69,23.09,21.64,22.93,151000.0
12/05/2013,16:00,22.85,23.09,22.52,22.63,171300.0
12/06/2013,16:00,22.77,22.95,22.11,22.13,231300.0
12/09/2013,16:00,22.14,22.25,21.38,21.45,268400.0
12/10/2013,16:00,21.43,21.48,20.92,20.94,304600.0
12/11/2013,16:00,20.98,21.07,19.60,19.60,1540600.0
12/12/2013,16:00,19.59,19.64,19.02,19.25,1119200.0
12/13/2013,16:00,19.26,19.54,19.10,19.11,241400.0
12/16/2013,16:00,19.14,19.35,18.94,19.04,374000.0
12/17/2013,16:00,18.99,19.24,18.81,19.20,252800.0
12/18/2013,16:00,19.17,19.65,19.03,19.64,194300.0
12/19/2013,16:00,19.56,19.56,18.78,18.89,174800.0
12/20/2013,16:00,19.03,19.12,18.78,18.99,337800.0
12/23/2013,16:00,19.13,19.51,18.98,19.42,139600.0
12/24/2013,16:00,19.49,19.82,19.49,19.64,69700.0
12/26/2013,16:00,19.78,19.98,19.74,19.92,96400.0
12/27/2013,16:00,20.01,20.20,19.70,20.03,76100.0
12/30/2013,16:00,19.97,20.24,19.96,20.07,87800.0
12/31/2013,16:00,20.15,20.47,20.04,20.28,161100.0
01/02/2014,16:00,20.27,20.42,19.82,20.14,239000.0
01/03/2014,16:00,20.13,20.16,19.66,19.75,151200.0
01/06/2014,16:00,19.79,19.95,19.64,19.82,121400.0
01/07/2014,16:00,19.14,19.21,18.12,18.17,959700.0
01/08/2014,16:00,17.96,18.55,17.88,18.51,6178100.0
01/09/2014,16:00,18.54,18.64,18.22,18.37,820700.0
01/10/2014,16:00,18.35,18.46,18.22,18.34,501300.0
01/13/2014,16:00,18.46,18.66,18.19,18.50,385300.0
01/14/2014,16:00,18.47,18.54,18.37,18.39,348800.0
01/15/2014,16:00,18.79,19.00,18.67,18.78,295000.0
01/16/2014,16:00,18.66,18.86,18.19,18.75,256600.0
01/17/2014,16:00,18.70,18.93,18.23,18.32,1079000.0
01/21/2014,16:00,18.34,18.34,17.55,17.85,914400.0
01/22/2014,16:00,17.82,17.82,16.94,17.03,1300200.0
01/23/2014,16:00,17.02,17.08,16.37,16.56,879700.0
01/24/2014,16:00,16.41,16.68,15.94,16.12,603500.0
01/27/2014,16:00,16.15,16.29,15.66,15.85,615400.0
01/28/2014,16:00,15.92,16.31,15.83,16.31,590900.0
01/29/2014,16:00,16.24,16.47,16.05,16.42,774000.0
01/30/2014,16:00,16.48,16.63,16.29,16.42,740900.0
01/31/2014,16:00,16.19,16.26,16.00,16.04,871500.0
02/03/2014,16:00,16.12,16.15,15.64,15.69,388700.0
02/04/2014,16:00,15.79,15.91,15.55,15.84,691400.0
02/05/2014,16:00,15.81,15.81,15.02,15.17,1092000.0
02/06/2014,16:00,15.20,15.84,15.20,15.69,706400.0
02/07/2014,16:00,15.80,15.83,15.46,15.82,348000.0
02/10/2014,16:00,15.80,15.80,15.49,15.63,267900.0
02/11/2014,16:00,15.64,15.94,15.64,15.88,249300.0
02/12/2014,16:00,15.88,15.88,15.34,15.42,181000.0
02/13/2014,16:00,15.29,15.59,15.23,15.57,474600.0
02/14/2014,16:00,15.57,16.01,15.51,15.99,479400.0
02/18/2014,16:00,16.00,16.41,16.00,16.29,469900.0
02/19/2014,16:00,16.21,16.87,16.21,16.61,748800.0
02/20/2014,16:00,16.61,17.24,16.56,16.67,426300.0
02/21/2014,16:00,16.73,16.98,16.67,16.95,250800.0
02/24/2014,16:00,16.96,17.22,16.84,17.01,671600.0
02/25/2014,16:00,16.96,17.08,16.89,16.96,316600.0
02/26/2014,16:00,16.96,17.19,16.74,16.93,388400.0
02/27/2014,16:00,16.87,17.18,16.87,17.18,300300.0
02/28/2014,16:00,17.18,17.24,17.03,17.22,319800.0
03/03/2014,16:00,17.20,17.60,17.01,17.53,667800.0
03/04/2014,16:00,17.68,17.85,17.37,17.53,522400.0
03/05/2014,16:00,17.55,17.82,17.46,17.81,260300.0
03/06/2014,16:00,17.78,17.78,16.66,16.92,730100.0
03/07/2014,16:00,16.76,16.95,16.42,16.54,603900.0
03/10/2014,16:00,16.51,16.57,16.11,16.17,267700.0
03/11/2014,16:00,16.16,16.45,16.00,16.17,228000.0
03/12/2014,16:00,16.12,16.36,15.87,15.92,317900.0
03/13/2014,16:00,16.02,16.02,15.50,15.57,466700.0
03/14/2014,16:00,15.58,15.98,15.49,15.78,442100.0
03/17/2014,16:00,15.86,16.10,15.77,16.04,404200.0
03/18/2014,16:00,16.04,16.18,15.83,16.09,386400.0
03/19/2014,16:00,16.09,16.14,15.63,15.69,140600.0
03/20/2014,16:00,15.66,15.81,15.54,15.58,150800.0
03/21/2014,16:00,15.64,15.91,15.48,15.89,702700.0
03/24/2014,16:00,15.88,16.00,15.51,15.65,144300.0
03/25/2014,16:00,15.69,15.80,15.45,15.48,186100.0
03/26/2014,16:00,15.43,15.43,14.88,15.08,403300.0
03/27/2014,16:00,15.08,15.74,15.08,15.64,424600.0
03/28/2014,16:00,15.64,15.90,15.58,15.62,250100.0
03/31/2014,16:00,15.70,15.98,15.64,15.86,293400.0
04/01/2014,16:00,15.77,16.14,15.65,15.76,288600.0
04/02/2014,16:00,15.71,16.02,15.60,15.87,231200.0
04/03/2014,16:00,15.88,15.92,15.61,15.83,158200.0
04/04/2014,16:00,15.91,16.10,15.70,15.75,137600.0
04/07/2014,16:00,15.72,15.88,15.67,15.79,137700.0
04/08/2014,16:00,15.75,15.98,15.73,15.86,139200.0
04/09/2014,16:00,15.86,15.93,15.64,15.72,131700.0
04/10/2014,16:00,15.73,15.86,15.43,15.48,224400.0
04/11/2014,16:00,15.35,15.46,15.21,15.39,229000.0
04/14/2014,16:00,15.30,15.53,15.18,15.44,165200.0
04/15/2014,16:00,15.44,15.64,15.33,15.64,114700.0
04/16/2014,16:00,15.70,15.82,15.60,15.80,154900.0
04/17/2014,16:00,15.73,15.77,15.60,15.68,303600.0
04/21/2014,16:00,15.65,15.83,15.62,15.75,102400.0
04/22/2014,16:00,15.73,16.00,15.67,15.93,144200.0
04/23/2014,16:00,15.89,15.94,15.66,15.71,150400.0
04/24/2014,16:00,15.80,15.83,15.56,15.66,193600.0
04/25/2014,16:00,15.59,15.67,15.43,15.50,189000.0
04/28/2014,16:00,15.51,15.61,15.34,15.44,167400.0
04/29/2014,16:00,15.50,15.63,15.36,15.44,99100.0
04/30/2014,16:00,15.38,15.65,15.29,15.60,634100.0
05/01/2014,16:00,15.61,15.61,15.21,15.44,388100.0
05/02/2014,16:00,15.61,15.63,15.31,15.50,274400.0
05/05/2014,16:00,15.46,15.58,15.21,15.52,341300.0
05/06/2014,16:00,15.42,15.42,14.78,14.96,352900.0
05/07/2014,16:00,15.05,15.41,14.61,15.37,556900.0
05/08/2014,16:00,15.37,16.00,15.37,15.76,577300.0
05/09/2014,16:00,15.70,15.97,15.70,15.80,246200.0
05/12/2014,16:00,15.85,16.13,15.82,16.08,267100.0
05/13/2014,16:00,16.08,16.15,15.62,15.90,304300.0
05/14/2014,16:00,15.92,15.97,15.21,15.23,267800.0
05/15/2014,16:00,15.20,15.25,14.91,14.95,224900.0
05/16/2014,16:00,14.92,15.59,14.89,15.57,233500.0
05/19/2014,16:00,15.55,15.68,15.44,15.47,153000.0
05/20/2014,16:00,15.42,15.52,15.30,15.31,183000.0
05/21/2014,16:00,15.32,15.34,15.20,15.20,106700.0
05/22/2014,16:00,15.24,15.40,15.15,15.19,91200.0
05/23/2014,16:00,15.24,15.44,15.13,15.29,102400.0
05/27/2014,16:00,15.39,15.55,15.33,15.50,174100.0
05/28/2014,16:00,15.46,15.59,15.25,15.47,134900.0
05/29/2014,16:00,15.48,15.54,15.27,15.37,77100.0
05/30/2014,16:00,15.41,15.51,15.11,15.17,215900.0
06/02/2014,16:00,15.29,15.35,14.98,15.05,144200.0
06/03/2014,16:00,14.97,15.13,14.83,14.96,179200.0
06/04/2014,16:00,14.89,14.94,14.77,14.82,170700.0
06/05/2014,16:00,15.07,15.43,14.96,15.05,598400.0
06/06/2014,16:00,15.45,15.78,15.45,15.65,517200.0
06/09/2014,16:00,15.69,15.73,15.54,15.59,244600.0
06/10/2014,16:00,15.52,15.57,15.22,15.26,253100.0
06/11/2014,16:00,15.18,15.31,14.94,15.01,174500.0
06/12/2014,16:00,14.97,14.97,14.68,14.81,397000.0
06/13/2014,16:00,14.86,14.99,14.54,14.87,145100.0
06/16/2014,16:00,15.02,15.34,14.94,15.34,443700.0
06/17/2014,16:00,15.35,15.86,15.26,15.83,558800.0
06/18/2014,16:00,15.86,16.26,15.69,16.15,653200.0
06/19/2014,16:00,16.20,16.26,15.94,16.17,701500.0
06/20/2014,16:00,16.21,16.28,16.00,16.23,953700.0
06/23/2014,16:00,16.08,16.26,15.80,15.89,546700.0
06/24/2014,16:00,15.83,16.06,15.73,15.90,226100.0
06/25/2014,16:00,15.80,16.00,15.80,15.98,204500.0
06/26/2014,16:00,15.95,15.95,15.57,15.75,281400.0
06/27/2014,16:00,15.66,16.10,15.66,15.99,2340000.0
06/30/2014,16:00,15.93,16.11,15.80,15.90,349700.0
07/01/2014,16:00,15.95,16.42,15.92,16.24,1897400.0
07/02/2014,16:00,16.34,16.42,16.17,16.41,710500.0
07/03/2014,16:00,16.44,16.62,16.33,16.60,422600.0
07/07/2014,16:00,16.52,16.53,16.29,16.49,257900.0
07/08/2014,16:00,16.41,16.53,16.33,16.39,116300.0
07/09/2014,16:00,16.45,16.53,16.26,16.30,139500.0
07/10/2014,16:00,16.19,16.38,16.19,16.31,125300.0
07/11/2014,16:00,16.28,16.32,16.12,16.21,187500.0
07/14/2014,16:00,16.33,16.37,16.22,16.28,122100.0
07/15/2014,16:00,16.28,16.34,16.22,16.28,95500.0
07/16/2014,16:00,16.28,16.43,16.26,16.42,100100.0
07/17/2014,16:00,16.38,16.44,16.25,16.29,153200.0
07/18/2014,16:00,16.28,16.51,16.28,16.42,109200.0
07/21/2014,16:00,16.32,16.41,16.21,16.26,335100.0
07/22/2014,16:00,16.28,16.42,16.10,16.28,178700.0
07/23/2014,16:00,16.27,16.42,16.23,16.39,67900.0
07/24/2014,16:00,16.42,16.42,16.21,16.25,127900.0
07/25/2014,16:00,16.14,16.35,16.12,16.14,163000.0
07/28/2014,16:00,16.12,16.33,16.05,16.27,102200.0
07/29/2014,16:00,16.27,16.31,16.20,16.22,135000.0
07/30/2014,16:00,16.29,16.33,15.96,16.01,477000.0
07/31/2014,16:00,15.85,16.01,15.85,15.91,373300.0
08/01/2014,16:00,15.94,16.03,15.82,15.96,241800.0
08/04/2014,16:00,16.11,16.11,15.64,15.98,298000.0
08/05/2014,16:00,15.75,16.06,15.64,15.87,349800.0
08/06/2014,16:00,15.85,16.01,15.73,15.97,247100.0
08/07/2014,16:00,15.99,16.42,15.88,16.13,359800.0
08/08/2014,16:00,16.12,16.17,15.91,16.05,343800.0
08/11/2014,16:00,16.11,16.30,16.02,16.27,128000.0
08/12/2014,16:00,16.21,16.30,16.07,16.18,89000.0
08/13/2014,16:00,16.18,16.42,16.14,16.33,139400.0
08/14/2014,16:00,16.34,16.41,16.27,16.33,129900.0
08/15/2014,16:00,16.42,16.42,16.15,16.19,95300.0
08/18/2014,16:00,16.29,16.33,16.15,16.28,136200.0
08/19/2014,16:00,16.27,16.41,16.27,16.36,116000.0
08/20/2014,16:00,16.29,16.40,16.20,16.29,549500.0
08/21/2014,16:00,16.26,16.40,16.26,16.30,171100.0
08/22/2014,16:00,16.32,16.39,16.10,16.14,132900.0
08/25/2014,16:00,16.18,16.23,15.98,16.05,153000.0
08/26/2014,16:00,16.03,16.16,16.03,16.14,337000.0
08/27/2014,16:00,16.20,16.28,16.12,16.27,146800.0
08/28/2014,16:00,16.18,16.45,16.18,16.25,111700.0
08/29/2014,16:00,16.25,16.43,16.20,16.41,109900.0
09/02/2014,16:00,16.39,16.39,16.19,16.30,202800.0
09/03/2014,16:00,16.38,16.39,16.16,16.23,187800.0
09/04/2014,16:00,16.21,16.42,16.12,16.19,204600.0
09/05/2014,16:00,16.13,16.39,16.13,16.23,161300.0
09/08/2014,16:00,16.25,16.28,16.19,16.26,250600.0
09/09/2014,16:00,16.19,16.23,16.08,16.11,111100.0
09/10/2014,16:00,16.09,16.10,15.86,15.96,148200.0
09/11/2014,16:00,15.90,16.09,15.86,16.05,115200.0
09/12/2014,16:00,16.18,16.18,15.66,15.82,228200.0
09/15/2014,16:00,15.81,16.17,15.76,15.91,236500.0
09/16/2014,16:00,15.94,16.44,15.92,16.38,1091600.0
09/17/2014,16:00,16.37,16.89,16.35,16.77,573200.0
09/18/2014,16:00,16.78,16.79,16.18,16.30,604200.0
09/19/2014,16:00,16.37,16.42,16.18,16.25,596600.0
09/22/2014,16:00,16.15,16.27,15.95,16.06,370061.0
09/23/2014,16:00,15.97,16.07,15.87,15.88,325893.0
09/24/2014,16:00,15.85,16.07,15.76,15.81,231087.0
09/25/2014,16:00,15.80,15.89,15.46,15.48,274067.0
09/26/2014,16:00,15.48,15.66,15.35,15.53,126687.0
09/29/2014,16:00,15.40,15.52,15.22,15.42,180324.0
09/30/2014,16:00,15.39,15.48,15.17,15.18,215500.0
10/01/2014,16:00,15.13,15.28,15.00,15.11,181883.0
10/02/2014,16:00,15.07,15.37,15.04,15.25,126660.0
10/03/2014,16:00,15.37,15.59,15.20,15.28,100027.0
10/06/2014,16:00,15.28,15.41,15.19,15.19,144779.0
10/07/2014,16:00,15.10,15.21,14.89,14.93,416585.0
10/08/2014,16:00,14.90,15.15,14.86,14.88,907746.0
10/09/2014,16:00,14.89,15.12,14.73,14.90,246825.0
10/10/2014,16:00,14.82,15.36,14.71,15.02,143776.0
10/13/2014,16:00,15.05,15.42,15.02,15.05,271861.0
10/14/2014,16:00,15.18,15.42,15.08,15.42,384168.0
10/15/2014,16:00,15.26,15.63,15.07,15.21,245327.0
10/16/2014,16:00,15.06,15.98,15.06,15.82,544913.0
10/17/2014,16:00,15.98,15.98,15.63,15.74,362980.0
10/20/2014,16:00,15.66,16.01,15.60,16.00,371724.0
10/21/2014,16:00,16.13,16.95,16.02,16.53,235936.0
10/22/2014,16:00,16.58,16.79,16.56,16.61,245130.0
10/23/2014,16:00,16.71,16.83,16.35,16.52,444520.0
10/24/2014,16:00,16.55,16.66,16.51,16.60,115049.0
10/27/2014,16:00,16.60,16.72,16.52,16.72,99839.0
10/28/2014,16:00,16.74,17.23,16.60,16.98,351208.0
10/29/2014,16:00,16.94,17.03,16.80,16.90,132006.0
10/30/2014,16:00,16.80,17.06,16.70,17.06,107879.0
10/31/2014,16:00,17.19,17.28,17.07,17.28,286804.0
11/03/2014,16:00,17.28,17.28,17.12,17.21,216230.0
11/04/2014,16:00,17.15,17.35,17.09,17.14,136402.0
11/05/2014,16:00,17.24,17.24,16.82,16.99,339728.0
11/06/2014,16:00,16.94,17.08,16.76,16.79,237002.0
11/07/2014,16:00,16.74,17.12,16.72,17.08,205635.0
11/10/2014,16:00,17.07,17.40,17.06,17.35,409067.0
11/11/2014,16:00,17.40,17.40,17.09,17.11,434755.0
11/12/2014,16:00,17.02,17.36,17.02,17.29,283998.0
11/13/2014,16:00,17.31,17.44,17.28,17.37,212023.0
11/14/2014,16:00,17.35,17.40,17.20,17.33,233089.0
11/17/2014,16:00,17.41,17.45,17.25,17.27,376694.0
11/18/2014,16:00,17.26,17.42,17.26,17.34,272490.0
11/19/2014,16:00,17.30,17.40,17.18,17.18,256476.0
11/20/2014,16:00,17.12,17.37,17.11,17.32,292305.0
11/21/2014,16:00,17.46,17.55,17.16,17.22,317274.0
11/24/2014,16:00,17.28,17.43,17.26,17.37,239894.0
11/25/2014,16:00,17.37,17.48,17.27,17.28,159769.0
11/26/2014,16:00,17.29,17.48,17.28,17.46,227402.0
11/28/2014,16:00,17.43,17.59,17.34,17.35,108501.0
12/01/2014,16:00,17.35,17.47,17.33,17.34,250804.0
12/02/2014,16:00,17.33,17.47,17.24,17.39,133377.0
12/03/2014,16:00,17.35,17.46,17.16,17.20,683125.0
12/04/2014,16:00,17.15,17.36,17.12,17.18,513491.0
12/05/2014,16:00,17.11,17.19,17.06,17.12,293886.0
12/08/2014,16:00,17.14,17.32,16.70,16.89,425186.0
12/09/2014,16:00,16.76,17.02,16.70,16.90,592573.0
12/10/2014,16:00,16.91,17.24,16.84,17.17,364769.0
12/11/2014,16:00,17.25,17.44,17.12,17.26,881909.0
12/12/2014,16:00,17.13,17.46,17.11,17.40,367092.0
12/15/2014,16:00,17.44,17.48,17.12,17.22,311187.0
12/16/2014,16:00,17.19,17.41,17.11,17.14,1039529.0
12/17/2014,16:00,17.13,17.34,17.10,17.17,590531.0
12/18/2014,16:00,17.24,17.42,16.94,17.03,905034.0
12/19/2014,16:00,17.09,17.36,17.08,17.30,481671.0
12/22/2014,16:00,17.28,17.44,17.28,17.42,237375.0
12/23/2014,16:00,17.45,17.54,17.34,17.43,439470.0
12/24/2014,16:00,17.33,17.49,17.33,17.41,187565.0
12/26/2014,16:00,17.46,17.59,17.38,17.47,292085.0
12/29/2014,16:00,17.48,17.59,17.41,17.56,384274.0
12/30/2014,16:00,17.54,17.78,17.48,17.69,337757.0
12/31/2014,16:00,17.76,17.88,17.53,17.57,284127.0
01/02/2015,16:00,17.57,17.83,17.57,17.69,188055.0
01/05/2015,16:00,17.65,18.01,17.64,17.98,514701.0
01/06/2015,16:00,17.98,18.46,17.98,18.46,366015.0
01/07/2015,16:00,18.48,18.82,18.37,18.73,449451.0
01/08/2015,16:00,18.73,18.94,18.68,18.85,188242.0
01/09/2015,16:00,18.87,19.34,18.80,19.15,358453.0
01/12/2015,16:00,19.21,19.35,19.13,19.35,250417.0
01/13/2015,16:00,19.38,20.25,19.30,20.25,775262.0
01/14/2015,16:00,20.15,20.82,20.06,20.06,786565.0
01/15/2015,16:00,20.07,20.09,18.63,19.08,594453.0
01/16/2015,16:00,19.05,19.17,18.86,18.97,216058.0
01/20/2015,16:00,18.89,19.04,18.16,18.41,411700.0
01/21/2015,16:00,18.42,18.42,17.93,17.95,245271.0
01/22/2015,16:00,17.89,18.36,17.87,18.36,578122.0
01/23/2015,16:00,18.41,18.59,18.14,18.25,109534.0
01/26/2015,16:00,18.18,18.74,18.16,18.73,170273.0
01/27/2015,16:00,18.65,18.77,18.35,18.49,147766.0
01/28/2015,16:00,18.51,18.67,18.50,18.61,260615.0
01/29/2015,16:00,18.66,18.66,18.09,18.44,254505.0
01/30/2015,16:00,18.29,18.34,17.77,17.78,209565.0
02/02/2015,16:00,17.83,17.83,17.29,17.43,230023.0
02/03/2015,16:00,17.48,17.72,17.38,17.43,329905.0
02/04/2015,16:00,17.33,17.63,17.29,17.52,180857.0
02/05/2015,16:00,17.59,17.88,17.57,17.86,97889.0
02/06/2015,16:00,17.86,17.86,17.21,17.37,267516.0
02/09/2015,16:00,17.32,17.49,17.21,17.28,189554.0
02/10/2015,16:00,17.31,17.45,16.65,16.90,315943.0
02/11/2015,16:00,16.89,17.00,16.40,16.50,247023.0
02/12/2015,16:00,16.56,16.97,16.48,16.85,169544.0
02/13/2015,16:00,16.89,16.89,16.53,16.77,122525.0
02/17/2015,16:00,16.79,17.05,16.73,16.81,134672.0
02/18/2015,16:00,16.82,16.96,16.48,16.90,116621.0
02/19/2015,16:00,16.98,16.98,16.45,16.50,129161.0
02/20/2015,16:00,16.49,16.72,16.35,16.58,156387.0
02/23/2015,16:00,16.62,16.97,16.55,16.90,147148.0
02/24/2015,16:00,16.81,16.81,16.53,16.68,137784.0
02/25/2015,16:00,16.68,16.87,16.56,16.60,102174.0
02/26/2015,16:00,16.54,16.61,16.40,16.43,136170.0
02/27/2015,16:00,16.45,16.63,16.30,16.52,181083.0
03/02/2015,16:00,16.51,16.83,16.35,16.57,214646.0
03/03/2015,16:00,16.19,16.87,16.19,16.79,201354.0
03/04/2015,16:00,16.96,17.19,16.67,17.04,382389.0
03/05/2015,16:00,17.16,17.99,17.16,17.91,463505.0
03/06/2015,16:00,17.68,17.90,17.26,17.26,379062.0
03/09/2015,16:00,17.40,17.44,17.09,17.17,406203.0
03/10/2015,16:00,17.14,17.83,17.02,17.69,577488.0
03/11/2015,16:00,17.66,17.69,17.44,17.59,293033.0
03/12/2015,16:00,17.64,18.02,17.56,17.99,139728.0
03/13/2015,16:00,18.01,18.11,17.91,18.07,172802.0
03/16/2015,16:00,18.14,18.23,17.76,17.77,146053.0
03/17/2015,16:00,17.78,18.03,17.70,18.02,90362.0
03/18/2015,16:00,17.99,18.52,17.90,18.46,108968.0
03/19/2015,16:00,18.37,18.72,18.35,18.53,143952.0
03/20/2015,16:00,18.65,18.92,18.54,18.90,234763.0
03/23/2015,16:00,18.97,19.13,18.83,18.96,117874.0
03/24/2015,16:00,18.89,19.09,18.75,19.08,135199.0
03/25/2015,16:00,19.15,19.15,18.49,18.52,263788.0
03/26/2015,16:00,18.47,18.66,18.31,18.41,167780.0
03/27/2015,16:00,18.41,18.48,18.11,18.27,231301.0
03/30/2015,16:00,18.28,18.33,18.13,18.16,221616.0
03/31/2015,16:00,18.06,18.17,18.01,18.13,363289.0
04/01/2015,16:00,18.06,18.27,17.96,18.24,140777.0
04/02/2015,16:00,18.20,18.47,18.15,18.38,316867.0
04/06/2015,16:00,18.42,18.59,18.34,18.59,273014.0
04/07/2015,16:00,18.61,18.61,18.06,18.09,89481.0
04/08/2015,16:00,18.17,18.27,18.07,18.13,103883.0
04/09/2015,16:00,18.10,18.10,17.54,17.61,141049.0
04/10/2015,16:00,17.80,17.85,17.50,17.56,71034.0
04/13/2015,16:00,17.77,17.81,17.59,17.59,191905.0
04/14/2015,16:00,17.74,17.79,17.66,17.74,127996.0
04/15/2015,16:00,17.77,17.77,17.59,17.61,125328.0
04/16/2015,16:00,17.55,17.71,17.44,17.63,90124.0
04/17/2015,16:00,17.52,17.69,17.47,17.48,226714.0
04/20/2015,16:00,17.50,17.61,17.39,17.51,117594.0
04/21/2015,16:00,17.52,17.61,17.34,17.36,164519.0
04/22/2015,16:00,17.33,17.65,17.33,17.61,156865.0
04/23/2015,16:00,17.56,17.62,17.48,17.53,48672.0
04/24/2015,16:00,17.52,17.81,17.41,17.61,60519.0
04/27/2015,16:00,17.61,17.75,17.40,17.42,94458.0
04/28/2015,16:00,17.38,17.51,17.27,17.31,101806.0
04/29/2015,16:00,17.18,17.30,16.97,16.97,118669.0
04/30/2015,16:00,16.90,16.96,16.69,16.87,341534.0
05/01/2015,16:00,16.85,17.16,16.85,17.05,151471.0
05/04/2015,16:00,17.05,17.15,16.58,16.64,167104.0
05/05/2015,16:00,16.59,16.75,16.15,16.37,301559.0
05/06/2015,16:00,16.35,16.55,16.18,16.50,278349.0
05/07/2015,16:00,16.52,16.95,16.39,16.92,143932.0
05/08/2015,16:00,17.07,17.33,16.89,17.01,142413.0
05/11/2015,16:00,16.95,17.05,16.48,16.53,81045.0
05/12/2015,16:00,16.47,16.56,16.27,16.46,239260.0
05/13/2015,16:00,16.55,16.72,16.42,16.50,178792.0
05/14/2015,16:00,16.54,17.10,16.54,17.09,106288.0
05/15/2015,16:00,17.07,17.23,16.97,17.14,84396.0
05/18/2015,16:00,17.16,17.18,16.98,17.09,88959.0
05/19/2015,16:00,17.03,17.18,16.96,17.05,78689.0
05/20/2015,16:00,17.08,17.15,16.90,16.98,71923.0
05/21/2015,16:00,16.95,17.14,16.75,17.12,187876.0
05/22/2015,16:00,17.07,17.24,16.96,17.02,105392.0
05/26/2015,16:00,16.99,17.05,16.83,16.96,155978.0
05/27/2015,16:00,17.05,17.13,16.90,17.04,144634.0
05/28/2015,16:00,16.98,17.05,16.74,16.89,98436.0
05/29/2015,16:00,16.88,16.99,16.65,16.68,503991.0
06/01/2015,16:00,16.60,16.69,16.51,16.62,405198.0
06/02/2015,16:00,16.60,17.02,16.52,16.94,312947.0
06/03/2015,16:00,16.92,17.04,16.61,16.70,209824.0
06/04/2015,16:00,16.62,16.79,16.62,16.76,166711.0
06/05/2015,16:00,16.63,16.73,16.42,16.71,177136.0
06/08/2015,16:00,16.68,16.75,16.56,16.57,272353.0
06/09/2015,16:00,16.59,16.60,15.82,15.95,217685.0
06/10/2015,16:00,15.96,16.19,15.87,15.91,129430.0
06/11/2015,16:00,16.07,16.19,15.92,15.93,168895.0
06/12/2015,16:00,15.84,15.98,15.68,15.75,131877.0
06/15/2015,16:00,15.71,15.71,15.35,15.46,447788.0
06/16/2015,16:00,15.48,15.79,15.40,15.79,206472.0
06/17/2015,16:00,15.81,15.93,15.60,15.91,105143.0
06/18/2015,16:00,15.91,16.24,15.91,16.19,191933.0
06/19/2015,16:00,16.19,16.19,15.92,15.95,200856.0
06/22/2015,16:00,15.97,16.10,15.82,15.82,118747.0
06/23/2015,16:00,15.80,15.88,15.64,15.80,95560.0
06/24/2015,16:00,15.78,15.91,15.65,15.67,156546.0
06/25/2015,16:00,15.68,15.71,15.57,15.65,102774.0
06/26/2015,16:00,15.66,15.85,15.57,15.79,378327.0
06/29/2015,16:00,15.93,16.02,15.72,15.75,340470.0
06/30/2015,16:00,15.91,15.91,15.66,15.79,229712.0
07/01/2015,16:00,15.84,16.23,15.71,16.23,256442.0
07/02/2015,16:00,16.31,16.45,16.08,16.17,116553.0
07/06/2015,16:00,16.21,16.29,16.08,16.29,117239.0
07/07/2015,16:00,16.37,16.57,16.25,16.51,124809.0
07/08/2015,16:00,16.45,16.56,16.38,16.54,102246.0
07/09/2015,16:00,16.61,16.61,16.43,16.49,177376.0
07/10/2015,16:00,16.49,17.21,16.43,17.06,319282.0
07/13/2015,16:00,17.12,17.43,16.92,17.05,237094.0
07/14/2015,16:00,17.04,17.13,16.91,17.04,158427.0
07/15/2015,16:00,16.97,17.10,16.81,17.04,158837.0
07/16/2015,16:00,17.08,17.43,17.08,17.39,175356.0
07/17/2015,16:00,17.35,17.41,17.06,17.13,247700.0
07/20/2015,16:00,17.08,17.30,16.98,17.29,100299.0
07/21/2015,16:00,17.26,17.40,17.21,17.30,118639.0
07/22/2015,16:00,17.37,17.49,17.33,17.43,127938.0
07/23/2015,16:00,17.50,17.50,17.03,17.18,165329.0
07/24/2015,16:00,17.11,17.16,17.02,17.05,142541.0
07/27/2015,16:00,17.03,17.21,16.90,17.04,90893.0
07/28/2015,16:00,17.01,17.12,16.93,17.01,106097.0
07/29/2015,16:00,17.00,17.16,16.88,17.06,86794.0
07/30/2015,16:00,16.99,17.02,16.81,16.85,147779.0
07/31/2015,16:00,16.95,17.24,16.95,17.17,108078.0
08/03/2015,16:00,17.19,17.24,16.89,16.96,141432.0
08/04/2015,16:00,17.03,17.23,16.90,17.12,87043.0
08/05/2015,16:00,17.14,17.22,16.64,16.89,156818.0
08/06/2015,16:00,16.93,17.08,16.56,17.06,117411.0
08/07/2015,16:00,16.90,17.34,16.87,17.32,125185.0
08/10/2015,16:00,17.45,17.45,17.15,17.27,146282.0
08/11/2015,16:00,17.20,17.53,17.20,17.38,97462.0
08/12/2015,16:00,17.27,17.38,17.09,17.24,69986.0
08/13/2015,16:00,17.18,17.38,16.95,17.21,47678.0
08/14/2015,16:00,17.17,17.44,17.10,17.41,55728.0
08/17/2015,16:00,17.39,17.67,17.27,17.59,72481.0
08/18/2015,16:00,17.58,17.78,17.40,17.75,82254.0
08/19/2015,16:00,17.67,17.67,17.20,17.23,155580.0
08/20/2015,16:00,17.13,17.13,16.87,16.90,141956.0
08/21/2015,16:00,16.64,16.88,16.45,16.53,192919.0
08/24/2015,16:00,16.06,16.27,15.52,15.53,194538.0
08/25/2015,16:00,15.89,15.91,15.31,15.34,239695.0
08/26/2015,16:00,15.59,15.74,15.37,15.74,144461.0
08/27/2015,16:00,15.84,16.00,15.48,15.70,175975.0
08/28/2015,16:00,15.62,15.70,15.46,15.61,128667.0
08/31/2015,16:00,15.53,15.63,15.14,15.16,269426.0
09/01/2015,16:00,14.97,15.12,14.69,14.78,516651.0
09/02/2015,16:00,14.99,15.54,14.91,15.35,504469.0
09/03/2015,16:00,15.37,15.54,15.29,15.32,189114.0
09/04/2015,16:00,15.20,15.25,14.93,15.01,220903.0
09/08/2015,16:00,15.20,15.49,15.12,15.34,284494.0
09/09/2015,16:00,15.43,15.47,15.13,15.24,411394.0
09/10/2015,16:00,15.18,15.40,15.09,15.17,363219.0
09/11/2015,16:00,15.12,15.19,15.01,15.05,181641.0
09/14/2015,16:00,15.10,15.21,14.97,14.97,94148.0
09/15/2015,16:00,15.01,15.04,14.90,15.02,132899.0
09/16/2015,16:00,15.04,15.24,15.01,15.03,187558.0
09/17/2015,16:00,15.04,15.59,14.99,15.32,163062.0
09/18/2015,16:00,15.16,15.61,15.10,15.37,609270.0
09/21/2015,16:00,15.42,15.72,15.42,15.56,248133.0
09/22/2015,16:00,15.43,15.66,15.18,15.27,567112.0
09/23/2015,16:00,15.34,15.44,15.16,15.34,134939.0
09/24/2015,16:00,15.29,15.42,14.99,15.13,183692.0
09/25/2015,16:00,15.21,15.55,15.05,15.25,574065.0
09/28/2015,16:00,15.17,15.18,14.79,15.07,449978.0
09/29/2015,16:00,15.10,15.33,14.98,15.31,189527.0
09/30/2015,16:00,15.37,15.49,15.09,15.20,295893.0
10/01/2015,16:00,15.23,15.31,15.09,15.12,365747.0
10/02/2015,16:00,15.08,15.13,14.96,15.12,222800.0
10/05/2015,16:00,15.19,15.62,15.19,15.58,382528.0
10/06/2015,16:00,15.57,15.78,15.44,15.70,390330.0
10/07/2015,16:00,15.76,16.14,15.71,16.08,297290.0
10/08/2015,16:00,16.05,16.45,16.03,16.41,341500.0
10/09/2015,16:00,16.43,16.55,16.30,16.42,155062.0
10/12/2015,16:00,16.37,16.55,16.34,16.48,143538.0
10/13/2015,16:00,16.46,16.63,16.26,16.37,145209.0
10/14/2015,16:00,16.38,16.50,16.04,16.06,180415.0
10/15/2015,16:00,16.11,16.23,16.00,16.22,170434.0
10/16/2015,16:00,16.30,16.86,16.22,16.79,449170.0
10/19/2015,16:00,16.77,17.60,16.77,17.59,440805.0
10/20/2015,16:00,17.75,18.14,17.55,17.65,587672.0
10/21/2015,16:00,17.67,17.81,17.58,17.60,237396.0
10/22/2015,16:00,17.66,17.95,17.64,17.84,414516.0
10/23/2015,16:00,17.84,17.94,17.51,17.58,276421.0
10/26/2015,16:00,17.58,17.87,17.48,17.78,160646.0
10/27/2015,16:00,17.75,17.89,17.69,17.78,143742.0
10/28/2015,16:00,17.76,18.47,17.76,18.35,306521.0
10/29/2015,16:00,18.24,18.36,17.81,17.90,170010.0
10/30/2015,16:00,17.92,17.99,17.28,17.35,208185.0
11/02/2015,16:00,17.38,17.96,17.35,17.90,155127.0
11/03/2015,16:00,18.07,18.30,17.57,18.19,161075.0
11/04/2015,16:00,18.33,18.42,17.99,18.06,109999.0
11/05/2015,16:00,18.04,18.17,17.95,18.14,120901.0
11/06/2015,16:00,17.93,17.93,17.63,17.91,167126.0
11/09/2015,16:00,17.80,17.80,17.22,17.30,153569.0
11/10/2015,16:00,17.24,17.49,17.24,17.30,197819.0
11/11/2015,16:00,17.37,17.50,17.19,17.30,264385.0
11/12/2015,16:00,17.26,17.30,16.94,17.00,171225.0
11/13/2015,16:00,16.97,17.11,15.93,15.98,772531.0
11/16/2015,16:00,15.95,16.02,15.51,15.80,313182.0
11/17/2015,16:00,15.88,15.95,15.48,15.54,228301.0
11/18/2015,16:00,15.53,16.06,15.44,16.05,297151.0
11/19/2015,16:00,16.08,16.25,16.01,16.08,99663.0
11/20/2015,16:00,16.19,16.24,15.87,15.88,232254.0
11/23/2015,16:00,15.84,16.17,15.84,15.91,197985.0
11/24/2015,16:00,15.79,16.05,15.75,16.02,128302.0
11/25/2015,16:00,16.01,16.24,16.01,16.15,86419.0
11/27/2015,16:00,16.20,16.32,15.93,16.14,128594.0
11/30/2015,16:00,16.21,16.21,15.76,15.88,305024.0
12/01/2015,16:00,15.98,16.13,15.79,15.92,312719.0
12/02/2015,16:00,15.88,15.97,15.52,15.60,306919.0
12/03/2015,16:00,15.59,15.70,15.40,15.50,560552.0
12/04/2015,16:00,15.29,15.78,15.11,15.60,400226.0
12/07/2015,16:00,15.56,15.82,15.41,15.45,340965.0
12/08/2015,16:00,15.38,15.55,15.25,15.28,162562.0
12/09/2015,16:00,15.26,15.34,15.09,15.11,237336.0
12/10/2015,16:00,15.17,15.23,14.76,14.81,255953.0
12/11/2015,16:00,14.61,14.85,14.12,14.15,388600.0
12/14/2015,16:00,14.18,14.27,13.77,13.90,549743.0
12/15/2015,16:00,13.97,14.21,13.92,13.97,320618.0
12/16/2015,16:00,14.05,14.54,13.96,14.50,464224.0
12/17/2015,16:00,14.48,14.62,14.30,14.60,189922.0
12/18/2015,16:00,14.50,14.70,14.35,14.61,376633.0
12/21/2015,16:00,14.65,14.75,14.27,14.29,228308.0
12/22/2015,16:00,14.35,14.52,14.29,14.40,210291.0
12/23/2015,16:00,14.42,14.67,14.41,14.62,155030.0
12/24/2015,16:00,14.59,14.71,14.58,14.60,50414.0
12/28/2015,16:00,14.56,14.58,14.43,14.54,159746.0
12/29/2015,16:00,14.60,14.87,14.60,14.85,171601.0
12/30/2015,16:00,14.83,14.87,14.66,14.68,118444.0
12/31/2015,16:00,14.66,14.67,14.35,14.36,237546.0
01/04/2016,16:00,14.18,14.26,13.77,13.94,416599.0
01/05/2016,16:00,13.93,14.20,13.89,14.14,252954.0
01/06/2016,16:00,13.96,14.75,13.96,14.75,325536.0
01/07/2016,16:00,14.49,14.60,14.16,14.21,392466.0
01/08/2016,16:00,14.27,14.32,13.93,13.95,317292.0
01/11/2016,16:00,13.98,14.22,13.94,14.10,234126.0
01/12/2016,16:00,13.73,14.03,13.64,13.92,742822.0
01/13/2016,16:00,13.91,14.03,13.16,13.19,251858.0
01/14/2016,16:00,13.24,13.35,13.01,13.12,161226.0
01/15/2016,16:00,12.8,13.5,12.79,13.49,322657.0
01/19/2016,16:00,17.12,18.28,17.11,17.5,6379063.0
01/20/2016,16:00,17.41,17.48,17.17,17.31,1681908.0
01/21/2016,16:00,17.31,17.59,17.25,17.56,1452043.0
01/22/2016,16:00,17.72,17.9,17.47,17.82,1444446.0
01/25/2016,16:00,17.78,17.84,17.51,17.62,378727.0
01/26/2016,16:00,17.5,18.11,17.32,17.99,868681.0
01/27/2016,16:00,17.91,17.99,17.54,17.6,346333.0
01/28/2016,16:00,17.69,17.82,17.3,17.35,519099.0
01/29/2016,16:00,17.47,17.74,17.31,17.5,459546.0
02/01/2016,16:00,17.4,18.05,17.35,17.63,550243.0
02/02/2016,16:00,17.47,17.7,17.35,17.58,240856.0
02/03/2016,16:00,17.67,17.69,17.36,17.39,425143.0
02/04/2016,16:00,17.42,17.56,17.4,17.41,221561.0
02/05/2016,16:00,17.38,17.49,17.35,17.36,232591.0
02/08/2016,16:00,17.28,17.55,17.25,17.31,440083.0
02/09/2016,16:00,17.32,17.44,17.15,17.2,541298.0
02/10/2016,16:00,17.25,17.42,17.13,17.16,356093.0
02/11/2016,16:00,17.0,17.23,16.94,17.1,331132.0
02/12/2016,16:00,17.25,17.45,17.05,17.38,234053.0
02/16/2016,16:00,17.49,17.56,17.27,17.33,145623.0
02/17/2016,16:00,17.36,17.56,17.27,17.29,235217.0
02/18/2016,16:00,17.35,17.35,17.19,17.26,114407.0
02/19/2016,16:00,17.24,17.5,17.24,17.42,129566.0
02/22/2016,16:00,17.51,17.85,17.49,17.69,257493.0
02/23/2016,16:00,17.67,17.83,17.41,17.45,164866.0
02/24/2016,16:00,17.4,17.82,17.28,17.75,122419.0
02/25/2016,16:00,18.11,18.4,18.06,18.4,27279412.0
02/26/2016,16:00,18.29,18.3,18.18,18.18,978153.0
02/29/2016,16:00,18.18,18.24,18.18,18.24,855118.0
03/01/2016,16:00,18.23,18.33,18.22,18.25,740609.0
03/02/2016,16:00,18.25,18.3,18.21,18.27,2604983.0
03/03/2016,16:00,18.26,18.27,18.24,18.27,987795.0
03/04/2016,16:00,18.27,18.31,18.24,18.25,1282124.0
03/07/2016,16:00,18.25,18.29,18.21,18.25,562130.0
03/08/2016,16:00,18.37,18.37,18.22,18.27,595438.0
03/09/2016,16:00,18.27,18.42,18.24,18.31,268387.0
03/10/2016,16:00,18.32,18.36,18.25,18.28,303254.0
03/11/2016,16:00,18.32,18.34,18.26,18.28,217935.0
03/14/2016,16:00,18.29,18.4,18.29,18.38,269577.0
03/15/2016,16:00,18.33,18.38,18.28,18.33,174643.0
03/16/2016,16:00,18.3,18.46,18.28,18.32,321289.0
03/17/2016,16:00,18.32,18.38,18.26,18.26,524712.0
03/18/2016,16:00,18.29,18.3,18.22,18.25,604912.0
03/21/2016,16:00,18.26,18.35,18.26,18.3,282914.0
03/22/2016,16:00,18.28,18.34,18.25,18.3,182482.0
03/23/2016,16:00,18.3,18.33,18.23,18.28,230979.0
03/24/2016,16:00,18.25,18.35,18.25,18.3,155977.0
03/28/2016,16:00,18.32,18.36,18.28,18.32,358185.0
03/29/2016,16:00,18.3,18.38,18.3,18.37,523513.0
03/30/2016,16:00,18.35,18.39,18.29,18.3,392173.0
03/31/2016,16:00,18.31,18.38,18.30,18.38,271386.0
04/01/2016,16:00,18.32,18.43,18.27,18.37,204031.0
04/04/2016,16:00,18.34,18.36,18.26,18.32,268211.0
04/05/2016,16:00,18.3,18.3,18.25,18.3,134912.0
04/06/2016,16:00,18.29,18.32,18.25,18.3,134040.0
04/07/2016,16:00,18.26,18.29,18.25,18.29,125233.0
04/08/2016,16:00,18.3,18.35,18.27,18.31,96235.0
04/11/2016,16:00,18.33,18.35,18.25,18.25,151119.0
04/12/2016,16:00,18.28,18.32,18.24,18.3,522778.0
04/13/2016,16:00,18.38,18.38,18.26,18.33,340724.0
04/14/2016,16:00,18.33,18.34,18.29,18.29,141753.0
04/15/2016,16:00,18.27,18.33,18.27,18.32,143948.0
04/18/2016,16:00,18.3,18.33,18.28,18.32,91376.0
04/19/2016,16:00,18.33,18.33,18.29,18.33,79141.0
04/20/2016,16:00,18.3,18.32,18.26,18.26,95649.0
04/21/2016,16:00,18.26,18.33,18.26,18.31,1042288.0
04/22/2016,16:00,18.32,18.38,18.3,18.36,323687.0
04/25/2016,16:00,18.35,18.4,18.32,18.36,473808.0
04/26/2016,16:00,18.38,18.49,18.34,18.45,420602.0
04/27/2016,16:00,18.43,18.58,18.42,18.51,204695.0
04/28/2016,16:00,18.5,18.68,18.5,18.58,2268691.0
04/29/2016,16:00,18.52,18.61,18.46,18.47,728626.0
05/02/2016,16:00,18.51,18.54,18.35,18.44,96190.0
05/03/2016,16:00,18.4,18.4,18.27,18.31,128140.0
05/04/2016,16:00,18.31,18.47,18.3,18.43,112071.0
05/05/2016,16:00,18.38,18.44,18.29,18.29,81483.0
05/06/2016,16:00,18.31,18.41,18.3,18.31,93830.0
05/09/2016,16:00,18.32,18.47,18.31,18.37,82297.0
05/10/2016,16:00,18.42,18.43,18.31,18.34,71099.0
05/11/2016,16:00,18.34,18.34,18.24,18.27,633121.0
05/12/2016,16:00,18.27,18.34,18.25,18.31,869572.0
05/13/2016,16:00,18.27,18.39,18.24,18.27,357290.0
05/16/2016,16:00,18.27,18.29,18.22,18.24,636967.0
05/17/2016,16:00,18.24,18.25,18.2,18.2,572328.0
05/18/2016,16:00,18.21,18.26,18.19,18.24,300888.0
05/19/2016,16:00,18.22,18.26,18.2,18.22,291730.0
05/20/2016,16:00,18.3,18.3,18.21,18.26,223088.0
05/23/2016,16:00,18.26,18.29,18.19,18.2,148476.0
05/24/2016,16:00,18.32,18.32,18.22,18.25,177001.0
05/25/2016,16:00,18.26,18.28,18.18,18.21,546042.0
05/26/2016,16:00,18.22,18.26,18.20,18.24,528477.0
05/27/2016,16:00,18.24,18.29,18.23,18.26,231749.0
05/31/2016,16:00,18.25,18.33,18.22,18.25,184187.0
06/01/2016,16:00,18.25,18.32,18.25,18.28,129678.0
06/02/2016,16:00,18.3,18.33,18.27,18.3,229013.0
06/03/2016,16:00,18.31,18.37,18.29,18.35,650487.0
06/06/2016,16:00,18.32,18.37,18.28,18.29,118663.0
06/07/2016,16:00,18.34,18.34,18.26,18.27,86364.0
06/08/2016,16:00,18.27,18.37,18.25,18.36,1618973.0
06/09/2016,16:00,18.34,18.4,18.32,18.38,218116.0
06/10/2016,16:00,18.34,18.41,18.33,18.38,147574.0
06/13/2016,16:00,18.39,18.61,18.39,18.61,240037.0
06/14/2016,16:00,18.6,18.62,18.39,18.55,84353.0
06/15/2016,16:00,18.52,18.6,18.46,18.46,123846.0
06/16/2016,16:00,18.44,18.48,18.33,18.44,497243.0
06/17/2016,16:00,18.47,18.47,18.29,18.36,304751.0
06/20/2016,16:00,18.36,18.48,18.25,18.25,155122.0
06/21/2016,16:00,18.27,18.35,18.26,18.27,94512.0
06/22/2016,16:00,18.28,18.31,18.25,18.29,173840.0
06/23/2016,16:00,18.33,18.35,18.24,18.25,434517.0
06/24/2016,16:00,18.24,18.35,18.21,18.24,827898.0
06/27/2016,16:00,18.22,18.26,18.22,18.25,251295.0
06/28/2016,16:00,18.24,18.26,18.23,18.24,699296.0
06/29/2016,16:00,18.26,18.26,18.24,18.25,179009.0
06/30/2016,16:00,18.25,18.28,18.23,18.25,715805.0
07/01/2016,16:00,18.27,18.31,18.25,18.28,236816.0
07/05/2016,16:00,18.26,18.27,18.24,18.27,1320611.0
